001a,gk3
001b,gk3
002a,m_hi3
002b,m_hi3
003,bg_210
004,m_hi4
004b,m_hi4
006,mati_o1
008,gk3
009b,mati2
010,bg_210
011d,jyt1
011e,jyt1
011f,jyt1
025,bg_031
029,jsa3
031,ma_j3
033a,ma_g3
033b,ma_g3
033c,ma_g3
033d,ma_g3
038a,bg_071
038b,bg_071
038c,bg_071
043a,gk1
043b,gk1
046,oki_g3
07thlogo,07thlogo
101,hi6
102,m_hi3
103a,bg_247
103b,bg_247
104,ma_j2
105a,ma_g1
105b,ma_g1
106,jsa3
107a,sinryo_sinsatu1
107b,sinryo_sinsatu1
107c,sinryo_sinsatu1
108,gk3
109b,oki_g3
109e,oki_g3
110a,ji4
110b,ji4
111a,ma2
111b,ma2
113a,ji2
113b,ji2
114,t_ep8
115,ji4
2,2
201a,m_hi9
201b,m_hi9
201c,black
202,jt1
203a,ima2
203b,ima2
3,3
4,4
5,5
aa,aa
aka1,aka1
aka2,aka2
alphaimage,…
bg_089_mo,ke5
bg_161,re1
bg_226,bg_226
bg_235,bg_235
bg_246b,bg_246
black,black
byo_01,sinryo_sinsatu1
c,c
centerblind,centerblind
cinema,cinema
damu2,damu2
damu4,bg_004
damu4_01,bg_004
denwa,denwa
down,down
e1,…
eki,bg_012
end,end
end_1,end_1
end_1_j,end_1_j
end_2,end_2
end_2_j,end_2_j
end_3,end_3
end_3_j,end_3_j
ex_jump,ex_jump
ex_otsu,ex_otsu
ex_otsu_hima,ex_otsu_hima
ex_otsu_tata,ex_otsu_tata
ex_otsu_wata,ex_otsu_wata
ex_tips,ex_tips
eye,bg_018
file,simen2
furiker_a,furiker_a
furiker_b,furiker_b
furiker_c,furiker_a
g1,g1
g1_01,g1
g2,g2
g2_01,g2
g3,g3
g3_01,g3
gk1,gk1
gk1_01,gk1
gk3,gk2
gr1,gr1
gr2,gr2
gr2_01,gr2
gr3,gr3
gy3_01,gr3
haikei,haikei
haikei-,haikei
hasi1,bg_029
hasi3,bg_032
heya1,heya2
heya1_04,heya2
heya1_05,heya2
hi1,hi1
hi1_01,hi1
hi3,hi3
hi4,hi4
hi4_01,hi4
hi5,hi5
hi5_01,hi5
hi9,hi9
hi_scroll,m_hi4
hi_scroll_01,m_hi4
ho1,ho1_houjouke
ho1_02,ho1_houjouke
ho_2,bg_057
ho_r1,ho_r1
honoo,red
hoteru,hoteru
hu_r1,hu_r1
hu_tenjyou,ma_j3
ie1,ie1
ie1_01,ie1
ima1,ima1
ima3,ima3
jansou,bg_071
jd4,jd4
jd4_01,jd4
je1,je1
je2,je3
ji1,ji1
ji1_01,ji1
ji2,ji2
ji2_01,ji2
ji6,bg_079
jok1,jok1
jok2,jok2
js1,bg_079
js1_01,bg_079
js3,jsa2
js3_01,jsa2
js4_01,ima3
jsa1,jsa1
jsa7,jsa2
jsa7_01,jsa2
jt1,hi6
jt1_01,hi6
jt2,jt2
jt2_01,jt2
juku1_01,juku1
jy1,jy1
jy2,jy2
jys1,jy1
jysa1,jysa1
jyt1,jyt1
jyt2,jyt2
kawa1,kawa1
kawa4,bg_087
ke1,bg_091
ke2,ke2
ke5,ke5
ke_ky1,ke_ky1
ke_ky2,ke_ky2
ke_s2,ke_s1
kimi_o1_08,terebi1
koya1_02,bg_097
kukou1,bg_099
kuruma1,kuruma1
kuruma1_02,kuruma1
kuruma2,kuruma2
kuruma2_01,kuruma2
kuruma2_02,kuruma2
kuruma3,kuruma3
kuruma3_01,kuruma3
kuruma3_02,kuruma3
kuruma4,kuruma4
kuruma4_01,kuruma4
kuruma5,kuruma5
kuruma5_01,bg_106
kuruma5_03,kuruma5
kuruma6,kuruma6
left,left
logo,logo
logo_j,logo_j
logomask,logomask
m1,m1
m_hi1,m_hi1
m_hi1_01,m_hi1
m_hi3,m_hi3
m_hi3_01,m_hi3
m_hi4,m_hi4
m_hi4_01,m_hi4
m_hi5,m_hi5
m_hi5_01,m_hi5
m_hi6,m_hi6
m_hi6_01,m_hi6
m_hi8,m_hi8
m_y1,m_y1
m_y2,m_y2
m_y2_02,m_y2
m_y2_04,m_y2
m_y4,m_y4
m_y4_01,m_y4
m_y7,m_y7
ma1,ma1
ma1_01,ma1
ma1_02,ma1
ma2,ma2
ma2_01,ma2
ma3,ma3
ma3_01,ma3
ma3_02,ma3
ma5,ma5
ma5_01,ma5
ma_d1,ma_d1
ma_d1_01,ma_d1
ma_g1,ma_g1
ma_g1_01,ma_g1
ma_g2,ma_g2
ma_g3_01,ma_g3
ma_g3_02,ma_g3
ma_j3,ma_j2
ma_j3_01,ma_j2
ma_j3_03,ma_j2
ma_j3_05,ma_j2
ma_s1,bg_210
mangagamer,mangagamer
mask1013,mask1013
mask1014,mask1014
mask1020,mask1020
mask_1900,mask_1900
mati12,mati12
mati2,mati2
mati3,mati3
mati4,mati4
mati7,mati7
mati_o1,mati_o1
mati_o2,bg_155
mati_o4,mati_o4
mati_o6,mati_o6
mo1,mo1
mo1_01,mo1
mo1_02,ymo1
mo2,mo1
mo2_01,mo1
mo2_02,ymo1
mo3,mo3
mo3_01,mo3
mo3_02,ymo3
mo4,mo4
mo4_01,mo4
mo4_02,bg_144_mo1
mo4_05,mo4
mo_b1,m_hi9
mo_g1,mo_g1
mo_g1_01,mo_g1
mo_g2,mo_g2
mo_g2_01,mo_g2
mo_g3_01,bg_006
moon,moon
no_data,no_data
nort,simen2
oki_g3,oki_g3
oni1,oni1
red,red
res1,re3
res1_01,re3
res2,re2
res4,re4
res4_01,re4
res5,re5
res5_01,re5
res_s1,bg_168
res_s1_01,bg_168
right,right
rouka1,rouka1
ryoutei2_01,ima1
ryuuketu1,ryuuketu1
s_jump_back,s_jump_back
saiguden_01,jsa4
saiguden_02,jsa4
scenario_a,scenario_a
scenario_b,scenario_b
scenario_b_j,scenario_b_j
scenario_c,scenario_c
scenario_c_j,scenario_c_j
sil1a,jsa3
simen3,bg_182
sinryou_matiai1,sinryo_matiai1
sinryou_matiai1_01,sinryo_matiai1
sinryou_sinsatu1,sinryo_sinsatu1
sinryou_sinsatu1_02,sinryo_sinsatu1
sinryou_sinsatu2,sinryo_sinsatu1
sinryou_sinsatu4,ke5
sinryou_soto1,sinryo_soto1
sinryou_soto1_01,sinryo_soto1
sinryou_soto1_02,sinryo_soto1
sinryou_soto3,sinryo_soto2
so1,so1
so1_02,so1
so2,so2
so2_01,so2
so3,so3
so_chikafuroa,jsa4
so_d1,so_d1
so_d1_01,so_d1
so_g1,so_g1
so_k1,so_k1
sora,sora
sora,sora2
sora1,sora2
sora2,sora3
sora5,sora3
sora6,sora3
staff01,staff01
susuki,kusa
ta1,bg_214
ta2,ta2_mura
tata_jisitu01,tata_jisitu01
tata_jisitu02,tata_jisitu02
tata_jisitu03,tata_jisitu03
tata_kuruma01,tata_kuruma01
tata_kuruma02,tata_kuruma02
tata_kuruma03,tata_kuruma03
tata_kuruma04,tata_kuruma04
tata_kuruma05,tata_kuruma05
tata_kuruma06,tata_kuruma06
tata_kuruma07,tata_kuruma07
tata_sato01,tata_sato01
tegami1,bg_219
tegami2,bg_220
tegami3,bg_221
tennai1,tennai1
title02,title02
title02_j,title02_j
title02_j,title_j
toketu1a,toketu1a
toketu1b,toketu1b
toketu1c,toketu1c
torishirabeshitu,bg_171
tosyo1,tosyo1
tosyo2,tosyo2
up,up
white,white
windo_filter,windo_filter
windo_filter_adv,…
windo_filter_nvladv,…
y_damu2,y_damu2
y_ie1,bg_242
y_kawa3,bg_247
y_oni1,bg_259
y_oni1_01,bg_259
yhu2,yhu2
ymo1_01,ymo1
ymo2_01,ymo1
ymo3_01,ymo3
yugk3_01,gk3
